{
  "ipcMode": null,
  "executionRoleArn": "arn:aws:iam::763857617563:role/ecsTaskExecutionRole",
  "containerDefinitions": [
    {
      "dnsSearchDomains": null,
      "environmentFiles": null,
      "logConfiguration": null,
      "entryPoint": [],
      "portMappings": [
        {
          "hostPort": 5000,
          "protocol": "tcp",
          "containerPort": 5000
        }
      ],
      "command": [],
      "linuxParameters": null,
      "cpu": 1,
      "environment": [],
      "resourceRequirements": null,
      "ulimits": null,
      "dnsServers": null,
      "mountPoints": [],
      "workingDirectory": null,
      "secrets": null,
      "dockerSecurityOptions": null,
      "memory": 900,
      "memoryReservation": null,
      "volumesFrom": [],
      "stopTimeout": null,
      "image": "763857617563.dkr.ecr.eu-north-1.amazonaws.com/nodejs-app:latest",
      "startTimeout": null,
      "firelensConfiguration": null,
      "dependsOn": null,
      "disableNetworking": null,
      "interactive": null,
      "healthCheck": null,
      "essential": true,
      "links": null,
      "hostname": null,
      "extraHosts": null,
      "pseudoTerminal": null,
      "user": null,
      "readonlyRootFilesystem": null,
      "dockerLabels": null,
      "systemControls": null,
      "privileged": null,
      "name": "nodejs-app"
    }
  ],
  "placementConstraints": [],
  "memory": null,
  "taskRoleArn": "arn:aws:iam::763857617563:role/ecsTaskExecutionRole",
  "compatibilities": [
    "EXTERNAL",
    "EC2"
  ],
  "taskDefinitionArn": "arn:aws:ecs:eu-north-1:763857617563:task-definition/nodejs-app-task-definition:1",
  "family": "nodejs-app-task-definition",
  "requiresAttributes": [
    {
      "targetId": null,
      "targetType": null,
      "value": null,
      "name": "com.amazonaws.ecs.capability.ecr-auth"
    },
    {
      "targetId": null,
      "targetType": null,
      "value": null,
      "name": "com.amazonaws.ecs.capability.task-iam-role"
    },
    {
      "targetId": null,
      "targetType": null,
      "value": null,
      "name": "ecs.capability.execution-role-ecr-pull"
    }
  ],
  "pidMode": null,
  "requiresCompatibilities": [
    "EC2"
  ],
  "networkMode": null,
  "runtimePlatform": null,
  "cpu": null,
  "revision": 1,
  "status": "ACTIVE",
  "inferenceAccelerators": null,
  "proxyConfiguration": null,
  "volumes": []
}
